IOBS,PT,CT,REGION,Q1,Q2
620004,1,3,2,1,4
620005,1,3,3,3,3
620006,1,3,3,2,4
620007,1,3,4,3,3
620008,1,3,1,4,4
620009,1,3,2,3,2
620010,1,3,4,3,4
620011,1,3,2,3,2
620012,1,3,2,2,3
620013,1,3,3,3,3
620014,1,3,2,2,1
620015,1,3,2,2,1
620016,1,3,2,3,4
620017,1,3,3,1,4
620018,1,3,4,2,1
620019,1,3,2,4,3
620020,1,3,2,1,4
620021,2,2,3,2,2
620022,1,3,4,3,1
620023,1,3,2,1,4
620024,2,2,3,3,3
620026,2,2,3,2,1
620027,1,3,3,4,4
620028,1,3,4,1,2
620029,1,3,2,4,4
620030,1,3,3,2,3
620032,1,3,2,1,3
620033,1,3,2,2,4
620034,1,3,4,4,4
620035,1,3,4,1,4
620036,1,3,3,4,4
620037,1,3,3,4,3
620038,1,3,2,3,4
620039,1,3,2,1,3
620040,1,3,2,3,3
620041,1,2,3,3,1
620042,1,2,2,4,4
620043,1,3,3,3,3
620044,1,3,4,3,1
620045,1,3,2,2,1
620046,1,3,4,2,4
620047,1,3,1,1,4
620048,1,3,4,1,4
620049,1,2,3,3,4
620050,1,3,3,4,3
620051,1,3,2,3,1
620052,2,3,3,2,2
620053,1,2,3,4,4
620054,1,2,4,4,4
620055,1,1,2,4,4
620056,1,3,2,1,3
620057,1,2,2,2,4
620058,1,3,2,2,4
620059,1,2,3,3,3
620060,1,2,2,1,2
620061,1,3,4,3,4
620063,1,2,2,1,3
620064,1,2,3,2,2
620065,1,1,1,4,1
620066,1,3,3,2,1
620067,1,3,3,2,2
620068,2,3,4,3,1
620069,1,2,3,2,3
620070,1,3,3,2,1
620071,1,2,3,1,4
620072,1,3,3,2,1
620073,1,3,4,3,3
620074,2,2,2,2,1
620076,1,3,2,1,2
620077,1,1,2,4,4
620078,1,2,3,3,4
620079,1,2,2,3,3
620080,1,2,3,3,3
620081,1,2,2,4,4
620082,1,2,3,2,1
620083,1,3,3,1,4
620084,1,2,3,2,2
620085,1,2,3,3,3
620086,1,3,2,4,4
620087,1,2,4,3,4
620088,1,2,3,2,4
620089,1,3,3,3,3
620090,1,3,3,3,2
620091,1,2,4,3,3
620092,1,2,2,1,1
620093,1,1,2,1,3
620094,1,3,4,3,3
620095,1,3,3,2,3
620096,1,2,1,1,4
620097,1,2,2,4,3
620098,1,2,4,4,3
620099,1,3,3,3,3
620100,1,2,2,4,4
620101,1,2,2,2,4
620102,1,3,3,2,4
620103,1,2,2,2,2
620104,1,1,1,3,2
620105,1,3,3,2,2
620106,1,2,3,2,3
620107,2,3,3,3,1
620108,1,1,4,1,2
620109,1,2,2,4,2
620110,1,2,1,3,4
620111,1,1,2,2,3
620112,1,2,3,2,1
620113,1,3,3,2,2
620114,1,2,3,3,2
620115,2,2,2,1,2
620116,1,3,1,1,4
620117,1,3,3,2,3
620118,1,2,4,2,1
620119,2,3,4,2,1
620121,1,3,4,4,3
620122,1,2,4,4,1
620123,1,3,4,4,3
620124,1,3,3,3,4
620125,1,1,4,1,2
620126,1,3,3,3,4
620127,1,3,4,1,4
620128,1,3,1,4,4
620129,1,2,4,3,1
620130,1,2,1,2,3
620131,1,3,4,2,3
620132,1,3,1,3,1
620133,1,2,2,2,3
620134,1,2,2,2,2
620135,1,2,4,1,4
620136,1,2,3,3,3
620137,1,2,2,1,4
620138,1,2,2,2,3
620139,1,1,4,4,2
620141,1,2,3,2,1
620142,1,2,3,3,3
620143,1,2,1,3,3
620144,1,2,1,2,4
620145,1,2,2,4,4
620146,1,3,1,4,4
620147,1,3,4,4,2
620148,1,2,3,1,2
620149,1,3,3,2,2
620150,1,3,4,2,3
620151,2,2,2,2,1
620152,1,3,3,3,1
620153,1,2,3,3,2
620154,1,2,2,1,4
620155,1,2,4,4,4
620156,1,2,4,1,4
620157,1,2,3,3,1
620158,1,3,3,2,2
620159,1,3,1,3,4
620160,1,3,3,2,3
620162,1,3,3,3,2
620163,1,2,1,1,4
620164,1,2,1,1,4
620165,1,1,2,2,2
620166,2,3,3,4,3
620167,2,3,4,4,1
620168,1,2,1,3,3
620169,1,2,1,2,4
620170,1,2,4,1,1
620171,1,1,1,1,3
620172,1,1,2,1,4
620173,1,3,4,3,1
620174,1,2,1,2,4
620175,1,3,2,1,1
620176,1,2,2,3,1
620177,1,1,4,1,1
620178,1,3,3,2,1
620179,1,1,1,1,4
620180,1,2,3,2,3
620181,1,3,2,2,2
620182,1,2,3,4,1
620183,2,3,4,2,1
620184,1,3,4,1,1
620185,1,3,2,3,3
620186,1,3,3,3,4
620187,1,3,2,2,3
620188,1,3,4,1,1
620189,1,3,3,3,2
620190,1,2,1,4,4
620191,1,3,3,4,3
620192,2,2,2,3,1
620193,1,3,4,3,3
620194,2,3,3,2,1
620195,1,3,4,3,3
620196,2,3,4,3,1
620197,1,3,2,4,2
620198,1,2,2,4,1
620199,1,3,4,3,4
620200,1,3,2,3,4
620201,1,3,4,4,3
620202,1,2,1,3,1
620203,1,3,2,4,4
620204,1,2,1,4,2
620205,1,3,3,3,4
620206,1,3,3,4,3
620207,1,2,2,3,4
620208,1,3,2,3,3
620209,1,3,3,2,3
620210,1,2,1,4,4
620211,1,3,4,2,1
620212,1,3,4,3,3
620213,1,3,4,2,1
620214,1,2,2,2,1
620215,1,2,1,2,2
620216,1,2,2,3,3
620217,1,2,3,2,1
620218,1,2,2,1,4
620219,1,1,4,4,4
620220,1,3,2,4,3
620221,1,2,4,4,2
620222,1,2,2,3,4
620223,1,2,3,3,2
620224,1,3,4,3,3
620225,1,2,2,3,3
620226,1,2,1,3,2
620227,1,3,4,3,4
620228,1,3,1,2,4
620229,1,2,4,1,3
620231,1,2,3,2,2
620232,1,2,2,4,3
620233,2,2,2,2,2
620234,1,3,3,3,1
620235,2,2,3,2,2
620236,1,3,3,4,2
620237,1,2,4,1,3
620238,1,3,3,2,1
620239,2,3,3,3,4
620240,1,2,4,1,4
620241,1,2,1,3,2
620242,1,2,4,1,3
620243,1,3,2,2,1
620244,1,2,3,2,3
620245,1,2,3,3,3
620246,1,3,4,3,1
620247,1,2,4,2,1
620248,2,3,3,4,3
620249,1,3,1,4,3
620250,1,2,4,4,4
620251,1,3,2,3,1
620252,1,3,2,3,1
620253,1,2,3,4,1
620254,1,2,2,1,1
620255,2,2,2,3,3
620256,1,3,1,1,4
620258,1,3,2,2,3
620259,1,2,3,2,1
620260,1,2,3,4,2
620261,1,2,4,1,4
620262,1,3,3,2,3
620263,1,2,2,4,2
620264,1,3,1,2,3
620265,1,3,4,2,4
620266,1,3,4,2,4
620267,1,2,2,4,4
620268,2,3,3,1,1
620269,1,2,3,2,3
620270,1,2,3,2,2
620271,2,3,3,3,1
620272,2,3,3,2,1
620273,1,3,3,2,4
620274,1,2,3,2,1
620275,1,3,2,2,2
620276,2,3,4,2,4
620277,1,3,2,2,1
620278,1,2,2,1,4
620279,1,3,3,2,2
620280,1,1,2,4,3
620281,1,1,2,4,2
620282,1,2,4,4,4
620283,1,2,3,3,3
620284,1,2,2,1,3
620285,1,1,4,4,1
620286,1,2,1,1,2
620287,2,3,3,1,4
620288,1,2,2,1,4
620289,1,3,3,4,4
620290,1,2,2,1,1
620291,1,2,1,2,2
620292,1,2,4,4,1
620293,1,3,3,4,3
620294,1,1,4,3,2
620295,1,2,1,1,4
620296,1,2,3,4,4
620297,1,3,4,2,1
620298,1,3,3,1,4
620299,2,3,4,3,4
620300,1,3,3,1,4
620301,1,2,3,2,1
620302,1,3,4,2,2
620303,1,2,4,4,4
620304,2,3,3,2,1
620305,2,2,3,1,4
620307,2,3,4,2,1
620308,1,2,3,3,3
620309,1,3,4,1,1
620310,1,3,3,4,4
620311,1,3,3,1,4
620312,1,3,3,3,2
620313,1,2,3,2,2
620314,1,1,2,2,1
620315,1,3,2,3,4
620316,1,3,1,2,1
620317,1,3,4,2,3
620318,1,2,2,4,3
620319,1,1,1,1,4
620320,1,2,4,1,4
620321,1,1,4,1,4
620322,1,3,3,3,3
620323,1,2,2,2,1
620324,1,3,4,3,2
620325,1,3,1,1,2
620326,2,3,4,3,4
620327,1,2,3,1,3
620328,1,2,2,1,4
620329,2,3,4,1,3
620330,1,2,1,4,4
620331,1,1,2,1,3
620332,2,3,4,2,2
620333,1,3,1,4,3
620334,1,2,2,2,4
620335,1,3,3,2,4
620336,1,2,4,1,2
620337,1,2,2,3,2
620338,1,2,3,1,4
620339,1,3,3,4,4
620340,1,1,4,3,1
620341,1,3,1,1,4
620342,2,3,3,3,3
620343,1,3,4,2,4
620344,1,3,3,3,4
620345,1,3,3,3,1
620346,1,1,4,3,1
620347,1,3,2,2,2
620348,1,2,2,4,4
620349,1,3,4,1,4
620350,1,2,2,3,3
620351,1,2,3,3,2
620352,1,3,4,3,3
620353,1,2,2,1,3
620354,1,3,4,3,2
620355,1,3,4,3,1
620356,1,1,1,1,4
620357,1,3,4,3,4
620358,2,3,4,2,1
620359,2,3,4,2,4
620360,1,3,2,4,3
620361,1,2,2,4,2
620362,1,2,2,2,3
620363,2,3,3,3,3
620364,1,2,4,3,2
620365,2,3,3,2,4
620366,1,2,3,2,4
620367,1,1,4,3,2
620368,1,2,2,3,2
620369,1,2,2,4,3
620370,1,3,4,2,1
620371,1,3,3,3,3
620372,1,3,4,4,3
620373,1,2,2,2,4
620374,1,2,3,3,1
620375,1,2,1,4,2
620376,1,3,3,4,2
620377,1,3,3,2,4
620378,1,2,3,1,4
620381,1,3,3,2,4
620382,1,1,2,1,4
620383,2,2,3,4,3
620384,1,3,4,2,2
620385,1,3,3,3,1
620386,1,2,1,1,3
620387,1,3,2,3,1
620388,1,3,1,4,4
620389,1,3,3,2,1
620390,1,2,2,1,4
620391,1,3,4,3,3
620392,1,2,2,3,3
620393,1,2,3,3,3
620394,2,3,3,2,4
620395,1,3,2,2,3
620396,1,3,4,1,4
620397,1,3,2,2,4
620398,1,3,3,4,2
620399,1,3,4,2,3
620400,1,2,4,4,1
620401,1,3,3,3,3
620402,1,2,1,3,1
620403,1,2,4,4,4
620404,1,1,2,4,2
620407,1,3,3,1,4
620409,1,3,4,3,4
620410,1,2,2,4,3
620411,1,3,2,2,4
620412,1,3,1,1,4
620414,1,2,4,1,4
620415,1,3,4,1,3
620416,1,3,4,4,4
620417,2,3,3,2,4
620418,1,3,4,2,1
620419,1,2,2,4,3
620420,1,1,1,4,4
620421,1,3,3,3,4
620422,1,2,4,4,2
620423,1,2,3,4,4
620424,1,3,4,4,4
620425,1,2,1,3,1
620426,1,2,1,1,3
620427,1,2,3,1,4
620428,2,3,4,2,4
620429,1,2,4,4,2
620430,2,3,3,3,4
620431,2,2,2,1,4
620432,1,2,3,2,3
620433,1,2,3,3,2
620434,1,1,1,1,4
620435,1,3,4,1,3
620436,1,2,1,2,1
620437,1,3,4,1,1
620438,1,3,4,2,1
620439,1,3,3,2,2
620440,1,3,2,2,3
620441,2,3,3,2,4
620442,1,3,3,3,1
620443,1,2,3,1,2
620444,1,3,3,2,1
620445,2,3,3,3,4
620446,1,2,2,2,2
620447,1,3,4,2,2
620448,1,3,3,1,1
620449,1,3,4,4,2
620450,1,3,3,1,1
620451,1,3,1,1,4
620452,1,2,2,2,3
620453,2,3,3,2,3
620454,1,3,3,3,3
620455,1,3,3,2,3
620458,1,2,1,1,4
620459,2,3,3,2,3
620460,1,2,4,3,2
620461,1,2,1,2,3
620462,1,3,3,3,1
620463,1,3,2,2,4
620464,1,2,1,3,3
620465,1,3,3,2,3
620466,1,3,3,3,4
620467,1,1,4,4,4
620468,1,2,3,1,4
620469,1,3,3,2,3
620470,2,3,2,1,4
620471,1,2,3,4,4
620472,1,2,3,2,1
620473,1,2,1,2,2
620474,1,3,3,3,4
620475,1,2,2,3,4
620476,1,2,1,3,4
620477,1,2,3,3,4
620478,1,3,3,4,1
620479,1,3,2,3,4
620480,1,2,2,2,3
620481,1,3,3,1,4
620482,1,2,3,1,4
620483,1,2,3,3,4
620484,1,3,3,3,3
620485,2,3,3,3,4
620486,1,3,4,2,3
620487,1,2,3,2,1
620488,1,2,3,3,3
620489,1,1,2,1,2
620490,1,2,4,1,4
620491,1,2,3,3,3
620492,1,1,2,1,2
620493,1,2,4,1,4
620494,1,2,1,1,4
620495,2,3,3,3,4
620496,1,3,2,4,4
620497,1,2,3,4,3
620498,1,3,3,2,3
620499,1,3,2,2,4
620500,1,2,2,1,4
620501,1,3,3,2,4
620502,1,3,3,2,1
620503,1,3,2,4,3
620504,1,3,2,1,4
620505,1,3,2,3,3
620506,1,3,2,3,1
620507,1,3,2,3,1
620508,1,3,3,4,4
620509,1,1,4,3,1
620510,2,3,4,4,4
620511,1,3,4,1,4
620512,2,3,4,3,3
620513,2,3,3,3,3
620514,2,3,3,4,4
620515,2,3,4,2,2
620516,2,3,3,4,3
620517,1,2,2,4,3
620518,2,3,3,2,3
620519,1,3,4,2,2
620520,2,3,3,2,4
620521,1,3,4,2,1
620522,1,3,3,3,3
620523,1,3,2,1,4
620524,2,3,3,4,4
620525,1,3,3,1,4
620526,2,3,3,3,1
620527,1,2,2,4,1
620528,1,2,2,3,3
620529,1,3,2,2,4
620530,1,3,3,1,4
620531,1,2,1,2,1
620532,1,2,2,3,3
620533,2,3,3,3,2
620534,1,2,3,2,3
620535,1,2,4,2,1
620536,1,1,4,2,3
620537,1,3,4,4,3
620538,1,3,4,3,1
620539,1,3,3,3,1
620540,1,1,2,1,4
620541,2,3,3,2,3
620542,1,1,4,3,3
620543,1,3,2,1,4
620544,1,3,2,2,1
620545,1,3,3,2,2
620546,1,2,2,2,2
620547,2,2,2,1,4
620548,1,3,2,2,3
620549,1,2,2,4,2
620550,1,3,3,2,2
620551,1,2,3,4,3
620552,1,3,3,3,3
620553,2,3,3,3,2
620554,1,3,4,1,1
620555,2,3,3,2,4
620556,1,3,4,2,3
620557,1,2,2,2,3
620558,1,3,3,2,1
620559,1,3,2,3,4
620560,1,2,3,2,3
620561,1,3,1,4,4
620562,2,3,3,1,4
620563,1,3,1,3,4
620564,1,3,3,2,4
620565,1,3,1,3,2
620566,1,1,4,2,4
620567,1,3,4,2,4
620568,1,3,1,1,2
620569,2,3,3,2,2
620570,2,3,1,1,4
620571,1,3,1,3,4
620572,1,3,1,2,4
620574,1,3,4,4,3
620575,1,3,3,3,2
620576,1,3,2,2,2
620577,1,3,1,2,1
620579,1,3,2,2,3
620580,1,3,3,3,4
620581,1,3,3,3,2
620582,1,2,3,2,3
620583,1,3,4,3,2
620584,1,3,3,2,1
620585,1,3,4,2,3
620586,1,2,3,2,3
620587,1,3,3,2,1
620588,1,3,1,2,1
620589,1,3,1,2,4
620590,1,2,2,3,1
620591,1,2,4,4,1
620592,1,2,3,3,1
620593,1,3,3,3,4
620594,1,2,3,3,4
620595,1,2,2,2,4
620596,2,3,3,4,2
620597,1,2,3,3,4
620598,1,3,2,1,3
620599,1,3,3,3,1
620600,1,2,3,4,3
620601,2,3,3,3,2
620602,1,3,4,1,4
620603,1,2,4,3,2
620604,1,3,2,2,4
620605,1,3,1,2,4
620606,1,3,1,2,3
620607,1,2,2,3,4
620608,1,3,2,3,1
620609,1,3,4,3,3
620610,1,3,2,3,4
620611,1,2,3,4,4
620612,1,3,3,1,4
620613,1,3,3,2,2
620614,1,3,4,3,4
620615,1,3,2,4,1
620616,1,2,3,2,3
620618,1,3,3,2,1
620619,1,2,1,4,4
620620,1,1,1,1,4
620621,1,3,3,3,4
620622,2,3,3,3,1
620623,1,3,3,3,1
620624,1,3,3,2,1
620625,1,3,3,3,3
620626,1,2,3,4,3
620627,1,1,4,2,1
620628,1,3,3,3,4
620629,2,3,4,3,2
620630,1,2,4,1,3
620631,1,2,1,2,3
620632,1,1,4,1,4
620633,2,2,2,4,1
620634,1,3,4,2,2
620635,1,3,3,1,3
620636,1,1,1,2,3
620637,1,1,2,4,4
620638,1,2,3,2,4
620639,1,1,4,2,1
620640,2,3,3,2,3
620641,1,3,4,4,4
620642,1,3,4,2,4
620643,1,3,1,4,3
620644,1,1,1,1,3
620645,1,1,1,4,3
620646,1,3,3,3,3
620647,1,2,4,1,4
620648,1,3,3,3,2
620649,1,3,2,2,3
620650,1,3,3,2,1
620651,1,2,3,3,3
620652,1,2,2,2,3
620653,1,2,2,2,4
620654,1,1,1,1,3
620655,1,2,2,4,3
620656,1,2,4,3,3
620657,1,3,4,3,3
620658,1,3,4,3,3
620659,1,1,1,1,4
620660,2,3,3,3,1
620661,1,3,3,4,4
620662,1,3,2,2,2
620663,1,3,1,1,3
620664,2,3,3,2,4
620665,1,3,2,3,4
620666,1,2,1,2,3
620667,1,2,2,2,2
620668,2,3,3,2,4
620669,1,2,4,4,1
620670,1,3,3,2,3
620671,1,3,4,2,3
620672,1,2,1,4,3
620673,1,3,3,4,2
620674,1,2,2,3,4
620675,1,3,4,4,2
620676,1,2,2,3,3
620677,2,3,3,2,1
620678,1,2,2,1,4
620679,1,3,2,1,4
620680,1,3,3,1,4
620681,1,2,1,2,2
620682,2,3,1,1,4
620683,2,2,2,2,4
620684,1,3,3,4,4
620685,1,3,4,3,3
620686,1,3,4,2,2
620687,1,3,4,2,4
620689,2,3,3,1,1
620690,2,3,3,2,1
620691,1,2,3,2,1
620692,1,3,3,2,3
620693,1,1,1,3,3
620694,1,2,4,1,4
620695,2,3,3,4,3
620696,1,2,4,1,4
620697,1,2,1,4,1
620698,1,2,3,2,3
620699,1,2,4,1,3
620700,1,2,4,4,4
620703,1,3,1,3,4
620704,1,3,4,3,1
620705,1,3,3,3,4
620706,1,2,1,1,4
620708,1,3,1,2,3
620709,1,2,4,1,4
620710,1,2,3,2,1
620712,1,2,3,4,3
620713,1,2,2,3,1
620714,1,1,2,3,1
620715,1,2,4,1,4
620716,1,2,4,1,4
620717,1,2,3,3,2
620718,2,2,3,4,2
620719,1,3,1,2,3
620720,1,2,4,1,4
620721,1,2,4,4,2
620722,1,2,3,2,4
620723,1,2,1,3,2
620724,1,3,2,1,4
620725,1,3,3,3,3
620726,1,3,1,2,3
620727,1,2,3,3,3
620728,1,3,3,2,1
620729,1,2,3,2,1
620730,2,3,1,3,2
620731,2,3,4,2,2
620732,1,3,1,2,4
620733,2,3,2,2,3
620734,1,3,4,2,1
620735,1,3,1,3,4
620736,1,2,2,3,4
620737,1,3,3,3,1
620738,1,3,1,3,4
620739,2,3,3,3,4
620740,1,3,3,3,1
620742,2,3,3,2,2
620743,1,2,1,4,4
620744,2,3,3,1,1
620745,1,3,1,2,4
620746,1,3,1,4,4
620747,1,2,3,3,1
620749,1,2,3,4,4
620750,2,3,1,2,3
620751,1,1,1,4,3
620752,1,2,3,2,4
620753,2,3,4,3,4
620754,1,3,3,3,2
620755,1,3,1,3,1
620756,1,3,1,4,4
620757,2,3,4,3,2
620759,1,3,1,2,3
620760,2,3,4,1,2
620761,1,3,3,1,4
620762,1,2,3,1,4
620763,1,3,4,1,4
620764,1,3,2,3,3
620765,1,3,3,4,3
620766,2,2,3,3,4
620767,1,3,3,4,4
620768,1,2,2,2,1
620769,1,3,2,2,2
620770,1,2,3,2,3
620771,1,1,1,1,4
620772,2,3,4,2,4
620773,1,2,1,2,3
620774,2,3,4,3,2
620775,2,3,3,3,4
620776,1,3,3,2,3
620777,1,3,4,3,4
620778,1,2,3,2,4
620779,1,3,4,3,4
620780,1,3,2,1,4
620781,1,3,3,2,4
620782,1,3,3,3,1
620783,1,3,2,1,4
620784,1,3,3,3,4
620786,2,3,4,3,3
620787,1,2,3,3,3
620788,1,3,4,3,1
620789,1,2,2,1,4
620791,1,3,1,4,3
620792,1,3,1,2,4
620793,1,3,4,3,4
620794,1,3,3,3,4
620795,2,3,3,3,3
620796,1,2,3,2,4
620797,2,3,4,3,2
620798,1,3,3,3,4
620799,1,3,1,3,2
620800,1,3,3,2,2
620801,1,1,4,3,3
620802,1,2,3,3,3
620803,1,3,3,3,3
620804,2,3,4,2,1
620805,1,3,1,1,4
620806,2,2,3,2,2
620807,1,3,3,2,4
620808,1,3,3,2,3
620809,1,3,3,3,4
620810,1,2,4,1,4
620811,1,3,3,2,3
620812,1,3,2,2,1
620813,2,3,4,2,4
620814,1,2,3,4,3
620815,1,3,2,3,2
620816,1,3,1,2,3
620817,1,2,4,1,4
620818,1,2,3,1,2
620819,1,2,2,1,4
620820,2,3,3,3,2
620822,1,3,4,2,4
620824,1,3,2,2,4
620825,1,3,3,2,1
620826,2,2,3,2,1
620827,1,3,4,2,4
620828,1,3,3,2,3
620829,1,1,1,1,4
620830,1,3,2,2,4
620831,1,3,3,4,3
620832,1,2,4,4,2
620833,1,3,4,2,1
620834,2,3,3,2,3
620835,1,3,2,3,4
620836,1,3,2,1,3
620837,1,2,3,4,4
620838,1,1,1,4,3
620839,1,3,2,1,2
620840,1,3,3,2,4
620841,1,2,3,2,1
620842,1,3,3,2,2
620843,1,3,4,3,3
620844,1,3,3,1,4
620845,1,3,3,2,4
620846,1,1,1,1,3
620847,1,3,1,4,3
620848,1,3,4,2,3
620849,1,3,2,2,4
620850,1,2,3,3,2
620851,1,3,4,1,3
620852,1,2,3,3,4
620853,2,3,3,3,4
620854,1,2,3,4,3
620855,1,3,2,3,4
620856,1,3,3,3,3
620857,1,3,3,2,2
620858,1,3,2,3,4
620860,1,2,3,4,4
620861,1,2,1,1,1
620862,1,3,2,2,3
620863,1,3,2,3,1
620864,1,3,4,4,4
620865,1,3,2,2,2
620866,1,3,1,2,4
620867,1,2,3,2,3
620868,1,3,3,3,3
620869,1,3,1,3,3
620870,1,3,3,4,4
620871,2,3,4,3,3
620872,1,3,4,2,1
620874,1,2,3,3,1
620875,1,2,3,4,3
620876,1,3,2,2,3
620877,1,2,3,3,4
620878,1,3,3,3,2
620880,1,3,3,3,4
620881,1,2,2,4,1
620882,1,3,3,3,1
620883,1,2,1,1,4
620884,2,3,3,2,4
620885,1,3,1,3,3
620886,1,3,3,3,1
620887,1,3,2,3,2
620889,1,2,3,3,3
620890,2,3,4,2,1
620891,1,2,3,3,4
620892,1,1,2,1,4
620893,1,1,2,1,4
620894,1,3,3,1,3
620895,1,3,3,2,3
620896,1,3,2,2,1
620897,1,3,3,2,1
620898,1,3,3,4,4
620899,1,3,2,2,2
620900,1,3,3,2,2
620901,2,3,2,2,3
620902,1,2,3,3,3
620903,1,2,1,1,4
620904,1,2,2,2,3
620905,1,1,2,1,4
620906,1,2,2,4,1
620907,2,3,1,3,3
620908,2,3,3,2,1
620909,2,3,3,4,4
620910,1,3,2,2,4
620911,1,3,4,2,2
620912,2,3,4,1,4
620913,1,3,4,2,4
620914,2,3,3,2,3
620915,1,2,3,3,2
620916,1,3,4,3,4
620917,1,2,1,1,3
620918,1,2,1,3,3
620919,1,2,2,2,3
620920,1,1,2,3,3
620921,1,2,3,4,3
620922,1,1,1,4,1
620923,1,3,3,2,4
620924,1,2,2,2,3
620925,2,2,3,2,2
620926,1,2,2,4,4
620927,1,3,1,1,4
620928,1,2,1,1,4
620929,1,3,4,1,4
620930,1,3,3,4,3
620931,2,3,4,3,2
620932,1,3,3,3,4
620933,1,2,2,3,2
620934,1,3,4,3,4
620935,1,3,1,1,4
620936,2,3,4,2,2
620937,1,3,4,2,1
620938,1,3,1,1,4
620939,2,3,4,4,3
620940,1,3,4,2,1
620941,1,3,2,1,3
620942,2,3,1,1,1
620943,1,3,1,2,4
620944,1,2,2,1,1
620945,1,2,3,3,1
620946,2,2,3,1,3
620947,1,2,2,4,3
620948,1,3,2,3,3
620949,2,3,4,2,4
620950,1,1,2,1,4
620951,1,2,1,2,3
620952,1,3,1,3,4
620953,1,2,3,2,4
620954,1,1,4,4,4
620955,1,1,4,3,1
620956,2,3,4,3,2
620957,1,2,2,4,4
620958,2,3,3,2,3
620959,1,2,3,3,2
620960,1,2,3,2,3
620961,1,2,1,4,1
620962,1,2,2,1,3
620963,2,3,4,1,4
620964,1,2,2,2,3
620965,1,1,1,1,4
620966,1,3,4,2,4
620967,1,2,1,1,1
620968,1,2,3,3,3
620969,1,2,3,3,3
620970,1,2,3,3,3
620971,1,2,3,4,2
620972,1,3,3,2,4
620973,1,1,4,3,2
620974,1,2,1,4,3
620975,1,2,3,2,4
620976,1,2,3,4,4
620977,1,2,3,3,4
620978,1,3,4,2,4
620979,1,2,1,1,4
620980,1,2,3,2,3
620981,1,3,3,2,4
620982,1,2,1,3,3
620983,1,3,1,2,1
620984,2,3,1,1,4
620985,1,2,3,3,1
620986,1,2,3,2,2
620987,2,3,3,2,3
620988,1,2,1,1,4
620989,1,3,3,3,1
620990,1,3,4,3,4
620991,1,2,4,1,4
620992,1,2,4,2,3
620993,1,2,3,2,1
620994,1,1,1,1,4
620995,1,3,4,4,1
620996,1,2,3,1,4
620997,1,2,3,3,3
620998,1,3,4,4,3
620999,2,2,2,1,3
621000,1,3,1,2,4
621001,1,2,3,4,4
621002,1,3,2,2,4
621003,1,3,1,1,4
621004,1,3,2,2,4
621005,1,3,1,1,4
621006,2,3,3,2,3
621007,1,3,3,3,4
621008,1,3,3,2,2
621009,2,3,3,3,3
621010,1,3,3,4,3
621011,1,3,2,1,4
621012,1,3,3,2,4
621013,1,2,2,3,1
621014,1,3,4,2,3
621015,1,3,4,3,3
621016,2,3,1,1,4
621017,1,3,3,2,4
621018,1,3,1,3,4
621019,1,3,1,2,4
621020,2,3,3,2,4
621021,1,3,3,3,4
621022,1,3,2,3,3
621023,1,3,3,3,2
621024,1,2,2,2,2
621025,1,2,2,2,1
621026,1,3,2,3,4
621027,1,3,2,2,2
621028,1,3,4,3,4
621029,1,1,1,1,4
621030,1,3,3,3,2
621031,1,3,4,4,4
621032,1,2,2,2,1
621033,1,2,1,1,4
621034,1,3,1,1,3
621035,1,1,2,4,4
621036,1,3,3,4,3
621037,2,3,4,2,1
621038,1,2,1,4,4
621039,2,3,4,2,4
621040,1,3,1,4,3
621041,1,2,3,2,2
621042,1,3,2,2,1
621043,1,3,3,2,1
621044,1,3,2,1,4
621045,1,3,2,1,4
621046,1,2,3,4,4
621047,2,3,4,3,3
621048,1,3,3,2,3
621049,1,3,3,1,4
621050,2,3,3,3,1
621051,1,2,3,3,1
621052,2,3,1,4,4
621053,1,3,3,3,1
621054,1,3,3,3,4
621055,1,3,3,3,2
621056,2,3,1,2,1
621057,1,3,2,2,4
621058,1,2,3,3,3
621059,1,3,3,2,4
621060,1,3,2,2,4
621062,1,3,2,2,4
621063,2,3,3,3,3
621064,1,3,3,4,3
621065,1,2,3,3,4
621067,1,2,1,4,3
621068,1,3,3,3,4
621069,1,3,3,3,4
621070,1,3,2,2,3
621071,1,3,2,2,2
621072,1,3,3,1,4
621073,2,3,4,2,3
621074,1,3,4,2,1
621075,1,2,2,4,4
621076,1,2,3,3,2
621077,1,3,2,2,3
621078,1,3,4,3,1
621079,1,2,2,2,4
621080,1,2,2,3,3
621081,2,3,4,3,2
621082,1,2,2,4,4
621083,1,2,2,2,1
621084,1,2,2,3,3
621085,2,3,3,3,4
621086,1,3,3,3,4
621087,2,3,3,3,2
621088,1,3,4,2,3
621089,1,3,3,3,4
621090,1,3,2,1,4
621091,1,2,3,3,3
621092,2,3,1,1,4
621093,2,3,3,3,2
621094,2,3,3,4,4
621095,2,3,3,3,3
621096,1,3,2,1,4
621097,1,3,4,2,4
621098,1,3,2,1,1
621099,1,2,2,4,4
621100,1,3,1,3,4
621101,1,2,3,1,4
621102,1,3,2,2,3
621103,1,3,1,1,4
621104,1,1,4,4,2
621105,1,3,1,3,2
621106,1,3,4,2,3
621107,1,3,2,2,1
621108,1,2,2,4,4
621109,1,3,4,2,3
621110,1,2,2,2,2
621111,1,3,1,1,4
621112,1,3,3,2,3
621113,1,2,3,3,4
621114,1,3,1,2,1
621115,2,3,4,2,4
621116,1,2,2,1,4
621117,1,2,2,2,2
621118,1,3,2,1,4
621119,2,3,3,2,1
621120,1,3,2,2,3
621122,1,2,3,3,1
621123,1,2,2,2,1
621125,1,3,2,3,2
621126,1,2,2,1,3
621127,1,2,3,3,1
621128,1,3,2,2,4
621129,1,3,4,2,3
621130,1,3,4,2,4
621131,1,2,3,1,3
621132,1,3,3,3,3
621133,1,3,4,3,4
621134,1,3,3,2,2
621135,1,3,3,3,3
621136,1,2,3,2,3
621137,1,3,1,1,4
621138,1,3,2,2,4
621140,1,3,3,2,4
621141,1,2,3,3,4
621142,1,3,1,1,4
621143,1,3,2,2,3
621144,1,3,1,2,3
621145,1,3,4,1,4
621146,1,3,4,3,3
621147,1,2,2,4,4
621148,1,2,1,1,4
621149,1,2,4,4,4
621150,1,3,4,3,3
621151,1,2,2,3,4
621152,1,3,4,2,4
621153,2,3,4,3,4
621154,1,3,3,4,3
621155,1,3,2,3,4
621156,1,3,3,2,4
621157,1,3,3,3,3
621158,1,1,4,4,1
621159,1,2,1,3,1
621160,1,2,1,2,3
621161,1,3,3,3,2
621163,1,2,4,1,4
621165,1,3,1,1,1
621166,1,3,2,1,3
621167,1,3,4,2,3
621168,2,3,3,4,4
621169,1,2,2,2,2
621170,1,2,2,3,2
621171,1,2,2,2,4
621172,1,1,4,4,4
621173,1,3,2,4,2
621174,2,3,4,2,1
621175,2,3,3,2,4
621176,1,2,3,3,2
621177,1,3,2,3,1
621178,1,2,3,3,1
621179,2,3,1,1,4
621180,1,2,3,2,4
621181,1,2,2,2,4
621182,2,2,3,2,4
621183,2,3,4,4,4
621184,2,3,4,4,1
621185,1,2,2,4,3
621186,2,3,4,2,2
621187,1,3,4,3,3
621188,2,3,1,2,2
621189,1,1,4,1,4
621190,1,2,2,1,4
621191,1,2,3,2,4
621192,1,3,3,3,4
621193,1,2,2,1,4
621194,1,2,3,2,4
621195,1,2,1,1,4
621196,1,3,4,3,3
621197,1,2,2,2,4
621200,1,1,2,2,2
621201,1,2,2,4,4
621202,1,3,3,4,4
621203,1,2,1,3,4
621204,1,3,3,4,4
621205,1,3,3,3,3
621206,1,3,2,4,3
621207,1,1,1,1,2
621208,1,3,3,3,3
621209,2,3,1,3,4
621210,1,3,3,2,1
621211,1,3,2,3,3
621212,1,3,3,2,4
621213,1,1,4,3,4
621214,2,3,2,2,4
621215,1,3,4,3,4
621216,1,3,1,2,4
621217,1,2,2,1,3
621218,1,3,4,2,3
621219,1,2,3,4,2
621220,1,2,4,1,4
621221,1,2,1,4,1
621222,1,2,4,1,4
621223,1,3,4,3,2
621225,1,3,1,1,4
621226,1,2,4,2,4
621227,2,2,3,2,3
621228,1,3,4,3,3
621229,1,2,3,4,3
621230,1,3,2,2,3
621231,1,3,3,2,3
621232,1,2,1,1,4
621233,1,3,3,1,2
621235,2,3,1,2,4
621236,1,3,3,4,4
621237,1,1,1,1,4
621238,2,3,3,3,4
621239,1,2,3,3,1
621240,1,2,1,2,2
621241,1,2,3,3,3
621242,1,3,3,3,4
621243,1,3,3,2,1
621244,1,3,3,2,2
621245,1,2,1,3,4
621246,1,3,3,2,3
621247,1,2,4,3,3
621248,1,2,4,1,4
621249,1,2,1,2,1
621250,1,2,3,2,3
621251,1,3,2,2,4
621252,1,2,1,3,4
621253,1,1,1,1,4
621254,2,2,2,3,1
621256,1,3,4,3,3
621257,1,1,1,1,4
621258,1,3,3,2,3
621259,2,3,3,2,4
621260,1,3,3,2,4
621261,1,3,2,1,4
621262,1,2,2,2,2
621263,1,3,2,1,3
621264,1,3,4,1,4
621265,1,3,2,1,4
621266,2,3,3,3,1
621267,1,3,2,2,4
621268,1,3,3,2,3
621269,2,3,3,2,1
621270,1,3,4,3,4
621271,1,3,3,3,4
621272,2,3,4,2,3
621273,1,2,1,2,4
621274,1,2,3,2,1
621275,1,3,3,3,3
621276,1,3,1,2,2
621277,1,3,4,4,3
621278,1,3,2,2,1
621279,1,3,3,2,4
621280,1,2,4,1,4
621281,2,3,2,3,1
621282,1,2,2,2,2
621283,1,1,2,1,3
621284,1,2,3,1,4
621286,1,3,4,4,4
621287,1,2,3,2,2
621288,1,2,2,2,1
621289,1,2,3,2,1
621290,1,3,4,2,3
621291,1,3,1,4,3
621292,1,2,2,2,4
621293,1,3,3,2,4
621294,1,3,1,1,3
621295,1,2,4,1,4
621296,2,2,3,4,1
621297,2,3,4,2,1
621298,1,3,4,4,4
621300,1,3,2,4,4
621301,1,3,2,4,4
621302,1,3,1,1,4
621303,1,2,2,2,2
621304,1,2,2,2,3
621305,1,2,2,3,4
621306,1,2,2,2,4
621307,1,2,2,4,1
621308,1,2,2,3,1
621309,1,3,2,1,4
621310,1,3,2,2,3
621311,1,2,2,2,4
621312,2,3,4,2,4
621313,1,2,3,1,3
621314,1,1,4,3,1
621317,1,3,4,2,2
621318,1,3,3,2,2
621319,1,3,3,3,3
621320,1,1,3,3,2
621321,1,1,3,4,3
621322,1,1,1,3,4
621323,1,1,3,2,2
621324,1,1,2,2,1
621325,1,1,3,4,2
621326,1,1,3,3,1
621327,1,1,3,2,1
621328,1,1,2,2,3
621329,1,2,4,2,4
621330,1,1,2,4,4
621331,1,1,3,4,2
621332,1,1,3,3,4
621333,1,1,2,2,3
621334,1,1,2,3,1
621335,2,3,1,4,4
621336,1,1,3,4,4
621337,1,1,3,3,2
621338,1,1,2,4,3
621339,1,3,4,2,1
621340,2,3,3,3,3
621341,1,1,1,3,4
621342,2,1,4,3,1
621343,1,1,3,3,2
621344,1,1,3,3,3
621345,1,1,3,3,2
621346,1,3,3,2,1
621347,1,1,2,1,4
621348,2,1,3,3,4
621349,1,2,4,3,1
621350,1,1,2,3,2
621351,1,1,3,3,1
621352,2,1,4,2,1
621353,1,1,4,3,1
621354,1,1,3,2,3
621355,1,2,2,1,4
621357,2,1,1,3,4
621358,1,1,3,4,4
621359,1,2,4,2,1
621360,1,3,3,4,4
621361,1,1,3,1,4
621362,1,1,3,1,4
621363,1,1,1,2,3
621364,1,3,4,2,3
621365,1,1,4,3,3
621366,1,1,2,3,3
621367,2,1,3,3,4
621368,2,3,3,4,2
621369,1,2,4,2,3
621370,1,1,2,2,3
621371,1,1,3,3,3
621372,1,1,3,4,4
621373,1,2,4,3,4
621374,1,1,4,3,1
621375,1,1,2,3,2
621376,1,1,1,2,4
621377,1,2,2,2,4
621378,1,3,2,2,4
621379,1,1,4,3,2
621380,1,1,2,1,2
621381,1,3,2,4,4
621382,1,2,3,4,4
621383,1,2,3,3,4
621384,1,1,4,2,3
621385,1,1,3,2,4
621386,1,3,3,2,3
621387,1,3,3,2,2
621388,1,1,3,2,2
621389,1,2,2,2,1
621390,2,2,4,2,4
621391,1,1,3,4,4
621392,1,2,4,1,1
621393,1,1,4,2,3
621394,1,3,1,2,4
621395,1,3,4,3,2
621396,1,2,3,3,3
621397,1,2,4,3,1
621398,1,3,1,1,4
621399,1,2,3,3,1
621400,1,3,1,4,4
621401,1,3,1,2,4
621402,2,3,4,2,1
621403,1,1,3,4,2
621404,1,1,2,3,2
621405,1,1,1,3,4
621406,1,3,2,3,2
621407,1,3,1,2,4
621408,1,1,1,2,4
621409,1,2,3,2,3
621410,1,1,4,3,3
621411,1,1,3,2,2
621412,1,3,4,2,1
621413,1,3,3,3,4
621414,1,1,3,1,4
621415,1,1,3,3,4
621416,1,1,3,3,1
621417,1,2,4,3,2
621418,1,2,3,3,1
621419,2,3,3,2,4
621420,1,2,1,2,3
621421,1,2,1,2,1
621422,1,2,4,2,3
621423,1,3,2,2,3
621424,1,3,3,3,1
621425,1,2,1,2,2
621426,1,3,4,2,1
621428,1,3,1,2,1
621429,2,2,3,2,4
621430,1,3,2,1,2
621431,1,1,1,2,1
621432,1,3,2,1,4
621433,1,3,3,4,4
621434,1,1,4,2,2
621436,2,1,2,1,4
621437,1,1,3,1,4
621438,1,1,3,1,3
621439,2,1,2,2,3
621440,1,1,2,2,2
621441,1,1,3,2,4
621442,1,1,2,2,2
621443,1,1,3,3,1
621444,1,1,2,2,1
621445,1,1,4,3,3
621446,2,1,2,2,3
621447,1,2,3,3,4
621448,1,1,1,4,1
621449,1,3,2,2,4
621450,1,3,2,1,4
621451,1,1,2,2,2
621452,2,3,4,3,3
621453,1,3,2,2,4
621454,1,3,2,2,1
621455,1,2,3,2,4
621456,1,3,2,1,4
621457,1,1,3,2,2
621458,1,3,1,1,4
621459,1,1,2,2,1
621460,1,2,1,2,4
621461,1,3,2,1,4
621462,1,3,2,1,2
621463,2,3,4,2,4
621464,2,1,1,3,3
621465,1,1,1,3,2
621466,1,2,2,2,3
621467,1,2,3,4,4
621469,1,2,3,1,4
621471,1,3,3,3,3
621472,1,1,3,1,4
621473,1,3,3,1,2
621474,1,1,1,3,2
621475,1,2,4,2,1
621476,2,2,2,1,4
621477,1,2,2,2,4
621478,1,3,3,3,2
621479,1,2,4,1,4
621480,1,2,2,1,4
621481,2,3,2,1,3
621484,2,3,1,2,4
621485,1,1,3,3,1
621486,1,3,3,2,4
621487,1,1,3,2,3
621488,1,3,4,2,3
621489,1,2,4,3,3
621490,1,2,1,1,4
621491,2,3,4,3,4
621492,1,2,4,1,4
621493,1,2,3,1,4
621494,1,3,4,2,4
621495,2,1,4,2,3
621496,1,1,3,2,1
621497,1,2,4,2,4
621498,1,2,4,2,1
621499,1,3,2,2,2
621500,1,3,2,1,2
621501,1,2,3,2,3
621502,1,1,3,4,2
621503,1,3,1,2,1
621504,1,3,2,4,2
621505,1,3,2,2,4
621506,1,3,4,1,4
621507,1,3,1,1,4
621508,1,2,1,2,4
621509,2,2,2,2,4
621510,2,1,1,3,2
621511,2,3,4,1,2
621512,1,3,1,1,3
621513,1,2,3,2,3
621514,2,3,3,2,1
621515,1,2,4,2,3
621516,1,2,3,3,4
621518,1,3,2,2,1
621519,2,3,3,1,4
621520,2,3,3,2,2
621521,1,3,2,4,1
621522,1,3,2,1,4
621523,1,3,4,2,4
621524,1,3,2,3,4
621525,2,1,1,3,4
621526,1,2,2,4,3
621527,1,2,3,2,3
621528,1,1,3,2,3
621529,1,3,4,1,4
621530,1,2,4,4,1
621531,1,1,3,4,4
621532,1,1,1,3,3
621533,1,1,3,3,4
621534,1,2,3,2,3
621535,1,1,3,3,4
621536,1,3,4,2,4
621537,1,3,3,3,1
621538,1,3,1,2,4
621539,1,3,4,2,2
621541,1,3,1,1,4
621542,1,3,3,3,3
621543,1,1,1,2,4
621544,1,1,2,2,1
621545,1,1,1,2,3
621546,1,3,1,2,4
621547,1,1,2,3,2
621548,2,3,3,4,4
621549,1,3,4,1,4
621550,2,3,3,1,3
621552,1,2,3,4,4
621553,1,3,1,2,4
621554,2,3,4,4,3
621555,1,2,2,3,4
621556,1,2,4,2,3
621557,2,3,4,3,4
621558,1,3,4,2,1
621559,1,2,1,2,4
621560,1,3,2,3,4
621562,1,1,3,3,4
621563,1,2,2,2,4
621564,1,2,1,1,4
621565,1,3,1,3,3
621566,1,2,4,2,3
621567,2,3,4,2,4
621568,1,1,3,2,3
621569,1,1,1,1,4
621572,1,1,1,1,2
621573,1,2,2,2,2
621574,1,2,2,2,3
621575,1,3,3,2,2
621576,1,3,2,3,3
621577,1,2,2,3,3
621578,1,3,2,3,3
621579,2,3,3,1,2
621580,1,3,4,4,3
621581,1,3,1,1,3
621582,1,1,3,3,3
621583,1,3,2,2,2
621584,1,2,2,2,2
621585,1,3,4,2,2
621586,1,1,1,3,1
621587,2,1,2,2,3
621588,2,3,2,4,3
621590,1,3,3,2,2
621591,2,3,3,3,3
621592,1,2,4,2,1
621593,1,3,4,3,3
621594,1,2,3,3,3
621595,2,2,3,3,2
621596,1,2,4,4,3
621597,1,3,4,2,1
621598,2,3,1,2,2
621599,1,3,1,3,3
621600,1,2,3,3,3
621601,2,3,3,2,3
621602,1,3,4,3,3
621603,1,3,3,2,1
621604,1,2,3,2,1
621605,1,2,4,3,3
621606,1,3,2,4,3
621607,1,3,3,3,2
621608,2,3,4,2,3
621609,1,1,3,4,2
621610,1,1,2,2,3
621611,1,2,2,2,3
621612,2,3,3,3,3
621613,1,2,3,4,3
621614,1,2,2,4,3
621615,1,3,4,1,3
621616,1,3,4,2,3
621617,2,3,4,3,3
621618,1,3,2,3,2
621619,2,1,4,3,2
621620,1,3,3,4,1
621621,1,1,1,1,3
621622,1,3,3,2,3
621623,1,2,1,1,3
621624,1,2,3,3,2
621625,1,2,1,4,2
621626,1,2,1,4,2
621627,1,3,3,2,2
621629,1,1,2,2,3
621630,2,3,3,4,3
621631,1,2,3,3,1
621632,1,3,3,4,3
621633,1,2,4,2,2
621634,1,1,4,4,1
621635,1,1,4,3,1
621636,1,3,4,2,1
621637,1,1,2,1,1
621638,2,3,2,1,2
621639,1,3,4,3,3
621640,2,2,3,1,1
621641,1,1,2,2,3
621642,1,3,3,4,1
621643,1,2,2,2,3
621644,1,3,2,2,3
621645,1,2,3,2,3
621646,1,3,3,3,1
621647,1,3,4,4,2
621648,1,3,3,3,2
621649,1,3,3,2,3
621650,1,3,3,3,1
621651,1,3,4,2,3
621653,2,3,4,2,3
621654,1,3,4,3,3
621655,1,2,1,4,1
621657,1,2,1,3,1
621658,1,2,4,3,1
621659,1,1,2,1,3
621660,1,1,1,2,3
621661,1,1,1,2,3
621662,1,1,1,2,3
621663,2,3,4,3,1
621664,1,1,2,3,3
621665,1,1,4,3,1
621666,1,3,4,3,2
621667,1,3,3,3,1
621668,1,2,4,2,1
621669,1,1,3,2,1
621670,1,3,1,1,2
621671,1,1,4,2,2
621672,1,3,2,2,3
621673,1,2,1,1,3
621674,1,3,3,2,1
621675,1,1,1,1,2
621676,1,2,2,3,2
621677,2,1,1,2,1
621678,1,3,2,2,1
621679,1,1,2,2,3
621680,1,3,3,2,3
621681,1,2,1,3,1
621682,1,2,3,1,1
621683,1,3,4,1,1
621684,1,3,2,3,1
621685,1,3,3,3,2
621686,1,3,2,1,3
621687,1,2,2,2,3
621688,2,3,1,4,3
621689,1,3,4,2,2
621690,1,3,3,2,2
621691,1,1,4,3,2
621692,1,3,3,3,2
621693,1,3,4,2,3
621694,1,3,3,4,3
621695,2,2,3,2,3
621696,1,2,2,3,1
621697,1,2,4,4,2
621698,2,3,4,2,2
621699,1,1,3,3,3
621700,1,3,2,3,1
621701,2,3,4,2,2
621702,1,3,2,3,3
621703,1,1,3,4,2
621704,1,3,3,3,3
621705,2,1,1,1,1
621706,1,1,4,3,1
621707,1,3,1,4,2
621708,1,2,2,1,3
621709,1,3,3,2,2
621710,1,3,4,2,3
621711,1,3,3,3,3
621712,1,1,3,2,3
621713,1,1,2,1,3
621714,1,3,1,2,3
621715,1,3,2,2,3
621716,1,1,2,3,1
621717,1,1,3,2,1
621718,1,3,3,1,3
621719,1,3,4,2,2
621720,1,3,1,1,1
621721,1,3,1,1,1
621722,1,3,3,3,3
621723,1,3,3,1,3
621724,1,3,2,1,1
621725,1,3,3,2,2
621726,1,3,3,3,2
621727,1,3,2,1,1
621728,1,3,2,2,2
621729,1,3,3,1,3
621730,1,3,3,2,1
621731,1,3,3,3,1
621732,1,3,3,2,1
621733,1,3,4,4,1
621734,1,3,3,1,2
621735,1,3,3,1,1
621736,1,3,3,2,1
621737,1,3,4,2,1
621738,1,3,2,1,1
621739,1,3,2,1,1
621740,1,3,3,2,1
621741,1,3,3,2,1
621742,1,3,1,3,1
621743,1,3,3,3,2
621744,1,3,1,2,1
621745,1,3,2,2,1
621746,1,3,3,2,1
621747,1,3,4,2,2
621748,1,3,1,3,1
621749,1,3,3,1,2
621750,1,3,3,2,1
621751,1,3,3,2,2
621752,1,3,1,3,2
621753,1,3,3,3,2
621754,1,3,4,3,1
621755,1,3,3,2,2
621756,1,3,1,1,3
621757,1,3,3,2,2
621758,1,3,2,1,2
621759,1,3,3,2,2
621760,1,3,1,2,1
621761,1,3,1,3,2
621762,1,3,3,2,3
621763,1,3,2,2,3
621765,1,3,3,3,2
621766,1,3,1,2,2
621767,1,3,3,1,3
621768,1,3,3,1,1
621769,1,3,4,2,1
621770,1,3,4,1,3
621771,1,3,3,2,1
621772,1,3,3,1,2
621773,1,3,3,3,2
621774,1,3,2,1,2
621775,1,3,2,2,2
621776,1,3,3,1,2
621777,1,3,3,1,2
621778,1,3,2,2,3
621779,1,3,1,1,1
621780,1,3,3,3,2
621781,1,3,3,3,2
621782,1,3,2,2,2
621783,1,3,2,1,1
621784,1,3,3,2,1
621785,1,3,3,4,2
621786,1,3,2,2,2
621787,1,3,4,2,3
621788,1,3,2,2,3
621789,1,3,4,2,2
621791,1,3,1,1,1
621792,1,3,3,2,1
621793,1,3,3,2,3
621794,1,3,2,2,2
621795,1,3,3,2,1
621796,2,2,2,3,1
621797,1,3,4,2,3
621798,1,3,4,2,1
621799,1,3,3,4,3
621800,1,3,3,2,3
621801,1,3,3,1,2
621802,1,3,3,3,1
621803,1,3,3,2,3
621804,1,3,3,3,3
621805,1,3,3,2,1
621806,1,3,2,1,3
621807,1,3,3,1,1
621808,1,3,3,2,1
621809,1,3,3,2,1
621810,1,3,3,2,2
621811,1,3,2,2,1
621813,1,3,3,4,1
621814,1,3,2,3,1
621815,1,3,3,4,3
621816,1,3,1,3,1
621817,1,3,3,4,3
621818,1,3,3,2,2
621819,1,3,4,2,3
621820,1,3,3,4,2
621821,1,3,3,4,2
621822,1,3,2,2,2
621823,1,3,4,3,3
621824,1,3,3,3,3
621825,1,3,1,4,2
621826,1,3,4,2,1
621827,1,3,2,2,1
621828,1,3,2,2,3
621829,1,3,4,3,1
621831,1,3,4,2,1
621832,1,3,1,2,3
621833,1,3,2,2,1
621834,1,3,4,3,3
621835,1,3,3,2,1
621836,1,2,1,4,3
621837,1,3,3,3,3
621838,1,3,3,4,1
621839,1,3,3,2,2
621840,1,3,3,3,1
621841,1,3,3,3,1
621842,1,3,3,3,1
621843,1,3,3,4,2
621844,1,3,3,3,1
621845,1,3,3,3,1
621846,1,3,1,3,2
621847,1,3,2,1,3
621848,1,3,3,2,3
621849,1,3,2,3,2
621850,1,3,2,3,1
621851,1,3,3,2,2
621852,1,3,3,3,3
621853,1,3,3,2,1
621854,1,3,3,2,3
621855,1,3,3,3,3
621856,1,3,3,2,3
621857,1,3,2,3,1
621858,1,3,3,2,3
621859,1,3,3,2,3
621860,1,3,4,2,2
621861,1,3,3,3,1
621862,1,3,3,3,1
621863,1,3,3,3,1
621864,1,3,3,4,1
621865,1,3,3,3,2
621866,1,3,1,3,1
621867,1,3,3,2,1
621868,1,3,1,2,3
621869,1,3,1,3,1
621870,1,3,3,4,1
621871,1,3,2,2,3
621872,1,3,3,3,1
621873,1,3,3,2,1
621874,1,3,3,2,1
621875,1,3,3,3,1
621876,1,3,2,3,1
621877,1,3,1,3,1
621878,1,3,3,3,1
621879,1,3,3,4,1
621880,1,3,4,2,1
621881,1,3,3,1,3
621882,1,3,3,4,3
621883,1,3,3,2,1
621884,1,3,3,1,1
621885,1,3,1,2,1
621886,1,3,3,3,2
621887,1,3,3,2,1
621888,1,3,3,3,1
621889,1,3,2,2,2
621890,1,3,1,1,1
621891,1,3,3,3,1
621892,1,3,3,2,1
621893,2,3,3,1,1
621895,1,3,3,2,3
621896,1,3,3,3,1
621897,1,2,1,1,3
621898,1,3,2,2,2
621899,1,3,3,3,1
621900,1,3,4,2,2
621901,1,3,2,3,1
621902,1,3,3,2,2
621903,1,3,3,2,1
621904,1,3,1,3,1
621905,1,3,4,3,1
621906,1,3,3,2,3
621907,1,3,3,2,1
621908,1,3,4,2,2
621909,1,3,1,2,1
621910,2,1,4,1,3
621911,1,3,3,2,3
621912,1,3,3,1,2
621913,1,3,2,1,3
621914,1,3,1,2,3
621915,1,3,3,3,1
621916,1,3,3,1,2
621918,1,3,2,2,1
621919,1,1,3,4,3
621920,1,3,2,2,2
621921,1,3,4,2,2
621922,1,3,3,1,2
621923,2,1,4,3,3
621924,1,3,3,1,2
621925,1,3,2,2,2
621926,1,3,3,1,1
621927,1,3,3,2,1
621928,2,1,3,3,1
621929,1,3,3,3,1
621930,1,3,3,1,2
621931,2,3,3,2,1
621932,1,2,2,4,3
621933,2,1,4,3,3
621934,1,3,2,2,2
621935,1,3,1,3,1
621936,2,1,3,3,2
621937,1,2,4,3,1
621939,1,3,3,3,1
621940,1,3,3,3,1
621941,1,3,4,1,1
621942,1,3,1,3,2
621943,1,3,2,2,2
621944,1,3,3,3,1
621945,1,3,2,2,1
621946,1,3,2,2,1
621947,1,3,3,3,2
621948,2,3,3,2,3
621949,1,3,3,3,3
621950,2,1,4,1,1
621951,1,3,3,2,2
621952,1,3,3,2,2
621953,2,3,4,4,3
621954,1,1,3,3,1
621955,1,3,2,2,1
621956,2,1,3,3,2
621957,1,3,4,1,3
621958,1,3,3,3,3
621959,2,3,2,3,1
621960,1,3,4,4,2
621961,1,2,3,4,3
621962,1,2,3,4,1
621963,1,3,4,2,1
621964,1,3,2,1,3
621965,1,3,4,2,1
621966,1,1,2,2,3
621967,1,3,3,2,2
621968,1,3,1,2,1
621969,2,1,3,4,2
621970,1,3,3,2,1
621971,1,3,3,4,2
621972,1,3,3,2,1
621973,1,3,3,2,1
621974,1,3,4,3,2
621975,1,2,4,1,3
621976,2,3,4,1,3
621977,1,3,3,3,2
621978,1,3,3,3,1
621979,1,1,3,3,3
621980,1,2,4,1,3
621981,2,3,3,3,1
621982,2,1,4,4,3
621984,1,2,2,3,1
621985,1,3,4,2,2
621986,2,3,2,2,3
621987,1,1,2,2,3
621988,1,3,3,4,3
621989,1,2,3,1,3
621990,1,1,3,1,3
621991,1,3,3,3,1
621992,1,2,3,4,2
621993,1,1,4,2,1
621994,1,3,1,3,2
621995,1,2,1,4,3
621996,2,2,2,2,1
621997,1,3,4,1,2
621998,1,3,2,2,3
621999,1,2,3,2,2
622000,2,3,1,3,2
622001,2,3,3,2,3
622002,1,2,1,1,3
622003,1,2,4,2,2
622004,2,3,1,4,3
622005,1,3,1,1,3
622006,1,2,1,4,3
622007,1,1,3,2,2
622008,1,3,2,1,3
622009,2,1,4,3,1
622010,1,3,1,2,1
622011,1,1,4,4,1
622012,1,3,3,4,1
622013,1,1,2,1,2
622014,1,1,2,1,3
622015,1,1,2,1,3
622016,1,1,2,1,2
622017,1,1,2,1,3
622018,1,1,2,1,3
622019,2,3,3,3,1
622020,1,3,3,4,3
622021,1,1,2,3,3
622022,1,1,2,3,3
622023,2,3,4,1,3
622024,2,1,4,3,3
622025,1,3,4,3,2
622026,2,3,4,3,3
622027,1,1,2,3,3
622028,1,1,2,3,3
622029,1,3,2,3,2
622030,1,3,2,3,3
622031,1,3,2,3,3
622032,1,3,4,3,3
622033,1,3,4,1,2
622034,2,3,4,3,3
622035,1,1,3,4,1
622036,1,3,2,3,2
622037,1,3,2,3,2
622038,1,1,3,1,3
622039,2,3,3,3,2
622040,1,3,1,4,2
622041,1,2,3,4,3
622042,1,3,3,4,3
622043,1,3,2,3,1
622044,1,3,4,3,3
622045,1,3,4,4,3
622046,1,3,4,4,2
622047,1,3,4,4,3
622048,1,3,2,3,1
622049,2,3,4,2,3
622050,1,3,2,2,2
622051,2,3,4,3,2
622052,1,3,4,4,2
622053,2,3,3,2,1
622054,1,3,2,1,3
622055,1,3,2,1,2
622056,1,3,4,1,1
622057,2,1,3,3,1
622058,2,3,2,3,3
622059,2,3,2,3,3
622060,2,2,2,4,2
622061,2,2,2,4,3
622062,2,3,4,4,2
622063,1,1,4,2,2
622064,2,1,3,4,3
622065,2,3,4,1,3
622066,2,3,4,1,3
622067,2,3,4,1,3
622068,2,3,4,3,3
622069,2,3,4,4,3
622070,2,3,4,4,3
622071,2,3,1,1,3
622072,2,3,1,4,2
622073,2,3,1,1,3
622074,2,2,2,1,2
622075,2,2,2,1,3
622076,2,2,4,3,3
622077,1,3,1,1,3
622078,1,3,3,1,3
622079,2,1,4,2,3
622080,1,3,2,2,3
622081,2,3,4,4,3
622082,1,1,4,2,3
622083,2,2,1,1,3
622084,2,2,1,1,2
622085,2,1,2,1,2
622086,2,1,2,1,2
622087,2,2,2,1,2
622088,2,2,2,1,3
622089,2,2,2,1,2
622090,2,2,2,1,3
622091,2,3,2,1,3
622092,2,3,2,1,2
622093,2,3,2,1,3
622094,2,3,2,1,3
622095,2,3,2,1,3
622096,2,3,2,1,2
622097,2,3,2,1,3
622098,2,3,2,1,2
622101,1,3,2,4,1
